{"n_vertices": 3, "edge_counts": [2, 3], "means": [1.7622653352496131e-10, 2.0238404705911215e-08], "stds": [0.0, 0.0]}