{"n_vertices": 5, "edge_counts": [4, 5, 6, 7, 8, 9, 10], "means": [0.030325519883944236, 0.04578471143171941, 0.05917275040966784, 0.09298522084966204, 0.10011153422135677, 0.130159271383297, 0.16955875200396325], "stds": [0.042886716507470925, 0.0616644194843693, 0.042552028539963524, 0.04197693228248192, 0.08738019852622765, 0.0, 0.0]}