{"n_vertices": 8, "edge_counts": [7, 8, 9, 10, 11, 12, 13, 14, 15, 16, 17, 18, 19, 20, 21, 22, 23, 24, 25], "means": [0.07507634961969281, 0.047284270787558216, 0.039716433393226655, 0.08670759974238934, 0.07847349306945713, 0.08048226272137456, 0.08339118671698299, 0.10406586176265238, 0.09705859917283864, 0.10056623261671123, 0.09836337973386718, 0.10141570609966064, 0.10615973366638565, 0.12249638798526052, 0.1088069558672113, 0.14979054211233575, 0.09209553187282937, 0.13881655018534864, 0.13162475897269127], "stds": [0.0, 0.03910369091293671, 0.05255865184362244, 0.08495765861654356, 0.07136062199879144, 0.0673940701255468, 0.07006181689902884, 0.06941970316244948, 0.07462592505711561, 0.06755361085925059, 0.06137736889031377, 0.06881970795846921, 0.07255695531378276, 0.052944676139018855, 0.044083220538730136, 0.08141592507472226, 0.005736918660406733, 0.0, 0.0]}