{"n_vertices": 4, "edge_counts": [3, 4, 5, 6], "means": [2.298392792854558e-08, 1.07108568812504e-08, 1.1478031961709537e-08, 2.309539479464427e-09], "stds": [1.7073944058006963e-08, 5.874697664529001e-09, 0.0, 0.0]}