{"n_vertices": 7, "edge_counts": [6, 7, 8, 9, 10, 11, 12, 13, 14, 15, 16, 17, 18, 19, 20, 21], "means": [0.03803770876823915, 0.06553035037422048, 0.06083431056757877, 0.07642939382908939, 0.08377715266414341, 0.09458710572329439, 0.09605297858400315, 0.10230062112812133, 0.10975444431788764, 0.12015411601951329, 0.11042754886171043, 0.13434559326912904, 0.13203183133135216, 0.2197753729696236, 0.035170920602672844, 0.17512310509627257], "stds": [0.053575573784131206, 0.06366390994497852, 0.06971015075636536, 0.06517264156176047, 0.07760306702182117, 0.068741388635076, 0.07659525552280723, 0.0675310505737205, 0.07002305609221215, 0.06826938312704382, 0.07381188283223325, 0.07789517405700688, 0.05642680738919862, 0.10319160897205407, 0.0, 0.0]}