{"n_vertices": 6, "edge_counts": [5, 6, 7, 8, 9, 10, 11, 12, 13, 14, 15], "means": [0.009275423554358566, 0.06096503126968566, 0.049560243877460636, 0.0438859414291489, 0.1081939977382845, 0.10801292101253855, 0.0901320631420874, 0.11664353104541056, 0.1556692782769064, 0.24696818842948795, 1.3308471563458498e-08], "stds": [0.018550822897447177, 0.08268435825386025, 0.07341277225919332, 0.04555548714046332, 0.06410353349730954, 0.08452166825754301, 0.0705475278366578, 0.05341612785842609, 0.050621845066951915, 0.0, 0.0]}