{"n_vertices": 3, "edge_counts": [2, 3], "means": [5.077046222710282e-10, 4.2237704922082415e-09], "stds": [0.0, 0.0]}