{"n_vertices": 6, "edge_counts": [5, 6, 7, 8, 9, 10, 11, 12, 13, 14, 15], "means": [0.04728979653649789, 0.060292684781197356, 0.07551177825502987, 0.0601476616285852, 0.07586719935281687, 0.0928960105369025, 0.11190071560252232, 0.1167325891422489, 0.15642754984857626, 0.088647455584742, 0.15062826403248117], "stds": [0.09457955111826921, 0.06898107538160095, 0.0599524545380331, 0.05525686970378756, 0.059666190193072066, 0.0698593751298832, 0.048220839750986844, 0.061667662887088526, 0.006402295355438736, 0.0, 0.0]}