{"n_vertices": 4, "edge_counts": [3, 4, 5, 6], "means": [2.4422739654326406e-09, 3.365955554365809e-08, 2.0420855060047252e-08, 1.9329999193614197e-08], "stds": [2.119738039147618e-09, 8.119966548259266e-09, 0.0, 0.0]}