{"n_vertices": 4, "edge_counts": [3, 4, 5, 6], "means": [1.0152914166224999e-08, 1.9104427470775807e-08, 1.4230161265846087e-08, 1.1237105178650145e-08], "stds": [2.1659571347976294e-09, 9.377573191587415e-09, 0.0, 0.0]}