{"n_vertices": 5, "edge_counts": [4, 5, 6, 7, 8, 9, 10], "means": [0.02920323556121425, 0.0242646018751737, 0.05080253322814278, 0.059586519162304875, 0.11717842556927846, 0.1179960302683446, 0.09446569632284596], "stds": [0.04129959881989687, 0.04852919755107864, 0.06232396845988149, 0.04323524663751095, 0.07416465456324939, 0.0, 0.0]}