{"n_vertices": 5, "edge_counts": [4, 5, 6, 7, 8, 9, 10], "means": [0.011177273818998988, 0.13521053936141603, 0.08148827048445992, 0.042420629388551324, 0.11664564633271393, 0.0973273000026601, 0.07494303529906922], "stds": [0.01580703554735691, 0.09041059193286881, 0.06499064509531413, 0.048657905425315395, 0.06999971324812813, 0.0, 0.0]}