{"n_vertices": 3, "edge_counts": [2, 3], "means": [5.13576489625788e-09, 7.196668511824383e-09], "stds": [0.0, 0.0]}