{"n_vertices": 6, "edge_counts": [5, 6, 7, 8, 9, 10, 11, 12, 13, 14, 15], "means": [0.06786306993576857, 0.03638304991186104, 0.06129106066241614, 0.10380826618094706, 0.06817497063090171, 0.08707655476854541, 0.08271302339122572, 0.1410106639943832, 0.08593032496349642, 0.041383272662156356, 0.14868588025143525], "stds": [0.08090142395321644, 0.041768375697779914, 0.06379252082847925, 0.07755899066101578, 0.06658467319639289, 0.07391525752675089, 0.05357652137448488, 0.06365002814835491, 0.07244115594091091, 0.0, 0.0]}