{"n_vertices": 5, "edge_counts": [4, 5, 6, 7, 8, 9, 10], "means": [0.023302744155061346, 0.03026452476016933, 0.04185844412455733, 0.0600643506039016, 0.08657346280737828, 0.0977010909195011, 0.14684317879460035], "stds": [0.03432659667283287, 0.01703565336234914, 0.027134737057234327, 0.03751873436179413, 0.05796998301845863, 0.05915992379761332, 0.08260032742368392]}