{"n_vertices": 4, "edge_counts": [3, 4, 5, 6], "means": [1.0274589460405194e-08, 1.1238084834926502e-08, 1.0736221401306433e-08, 1.2485886024652049e-08], "stds": [7.256121892649677e-09, 5.043535872986987e-09, 9.619792678612439e-09, 1.3845600038930253e-08]}