{"n_vertices": 3, "edge_counts": [2, 3], "means": [3.598434962201179e-09, 1.1680692059012342e-08], "stds": [1.6443068988317295e-09, 1.0897403261084596e-08]}