{"n_vertices": 6, "edge_counts": [5, 6, 7, 8, 9, 10, 11, 12, 13, 14, 15], "means": [0.009557275967907921, 0.03874292814201853, 0.04615791247856589, 0.057276698284368856, 0.069182965311935, 0.07883685330025907, 0.07578574954613584, 0.07886300071766716, 0.10394640948554705, 0.08834491212725001, 0.10219977865283507], "stds": [0.00852394930313887, 0.013175278634295675, 0.014560493616681007, 0.011358506713570679, 0.016256537903572586, 0.01795358007125264, 0.015616307414605962, 0.02635735023740057, 0.06278915513544847, 0.04965360005130204, 0.037511824845510425]}