{"n_vertices": 4, "edge_counts": [3, 4, 5, 6], "means": [2.537835740161933e-09, 1.842882936033162e-08, 1.4811736263193784e-09, 4.022668306762649e-09], "stds": [1.2886034493984686e-09, 1.3187707919007282e-08, 0.0, 0.0]}