{"n_vertices": 6, "edge_counts": [5, 6, 7, 8, 9, 10, 11, 12, 13, 14, 15], "means": [0.03820015860102396, 0.06055426114474941, 0.037340727712923266, 0.06374209056159524, 0.10751602737440055, 0.06715319792229432, 0.10106399726611344, 0.09707322368497226, 0.14216127653988048, 0.12365211410795807, 0.15133868250132662], "stds": [0.0441533418875837, 0.06476837498934832, 0.053673050859966945, 0.07973568248576715, 0.05996175947840907, 0.06305081431039812, 0.06620477337499227, 0.07727457324868582, 0.012581892065048714, 0.0, 0.0]}