{"n_vertices": 3, "edge_counts": [2, 3], "means": [4.498833772537183e-09, 4.101324058166851e-08], "stds": [0.0, 0.0]}