{"n_vertices": 5, "edge_counts": [4, 5, 6, 7, 8, 9, 10], "means": [0.05658763492387709, 0.032850451201919005, 0.024428532177191733, 0.07705354672923878, 0.24176697665265778, 0.09634076169617113, 0.13627996429239883], "stds": [0.08002698543823474, 0.05297957694220227, 0.03162581386757177, 0.08199428232803861, 0.027134141628289546, 0.0, 0.0]}