{"n_vertices": 5, "edge_counts": [4, 5, 6, 7, 8, 9, 10], "means": [0.0057370827644071445, 0.031223693835031645, 0.043243317077185595, 0.05706557679063595, 0.0874444604504901, 0.11711381667347238, 0.1124484862082197], "stds": [0.01297129334993642, 0.01842309788792859, 0.039576526203660235, 0.03180975681252897, 0.02590474636259257, 0.05380901772980181, 0.05999361914462872]}