{"n_vertices": 6, "edge_counts": [5, 6, 7, 8, 9, 10, 11, 12, 13, 14, 15], "means": [0.0066919010172005, 0.0315432634454927, 0.042386975678655806, 0.05633572544354661, 0.06740255924593522, 0.07681639925476111, 0.08441168025843557, 0.0936108376488793, 0.07331507595409228, 0.1249067031617824, 0.07639775369196901], "stds": [0.009160611230265493, 0.014569499079101251, 0.01360111648616175, 0.014808477129750528, 0.02494702865014141, 0.01538732144513612, 0.02324617593698236, 0.028334651365564675, 0.04041394959038522, 0.08766936785081862, 0.06100553721596095]}