{"n_vertices": 3, "edge_counts": [2, 3], "means": [3.75807365552055e-09, 1.164624209899799e-08], "stds": [3.378762562348133e-09, 1.0411171125911439e-08]}