{"n_vertices": 4, "edge_counts": [3, 4, 5, 6], "means": [1.1307834579701487e-08, 8.944645521178899e-09, 2.110492059141273e-08, 1.8649262881950965e-08], "stds": [7.490162976716535e-09, 6.280735331657117e-09, 1.4192224515068747e-08, 1.3138544225349524e-08]}