{"n_vertices": 5, "edge_counts": [4, 5, 6, 7, 8, 9, 10], "means": [0.013046848925210292, 0.02559499165550131, 0.035690840167801066, 0.04724275037477533, 0.06002779192545269, 0.07545021763594346, 0.13214430375155423], "stds": [0.017329169424296933, 0.024846236592420707, 0.025776405603317606, 0.024630490782738226, 0.045626432405149436, 0.055984086420201175, 0.06050496313152687]}