{"n_vertices": 3, "edge_counts": [2, 3], "means": [8.9315680860802e-09, 1.2640575748330283e-08], "stds": [7.49754048513185e-09, 1.3577005738700163e-08]}