{"n_vertices": 4, "edge_counts": [3, 4, 5, 6], "means": [7.81068538785486e-09, 1.0709728341117673e-08, 1.7200202031181546e-08, 1.1875941362071469e-08], "stds": [7.2797400388326584e-09, 5.064670210626956e-09, 1.3848336774241532e-08, 1.0157964978919594e-08]}