{"n_vertices": 7, "edge_counts": [6, 7, 8, 9, 10, 11, 12, 13, 14, 15, 16, 17, 18, 19, 20, 21], "means": [0.023875403628192897, 0.030452256903048584, 0.04559330771467833, 0.052614010795797805, 0.06243162502711462, 0.0700827250928258, 0.07353772322237731, 0.07573577369196906, 0.08221817063044519, 0.08974516136453088, 0.1003190906036647, 0.10631735390517541, 0.11179638403698924, 0.10729043563686957, 0.11186873836330133, 0.14813329706450404], "stds": [0.017159242558925925, 0.008997279554025761, 0.007035348085283538, 0.0068445602862277685, 0.006584817912535875, 0.004191532902312922, 0.005616446554936377, 0.006544727862458239, 0.007364522442993228, 0.012224323919554964, 0.009585520289633756, 0.025033056062913377, 0.036399324532956315, 0.044014371277541424, 0.05378205291853457, 0.050736977566285604]}