{"n_vertices": 6, "edge_counts": [5, 6, 7, 8, 9, 10, 11, 12, 13, 14, 15], "means": [0.01672576809508476, 0.03236602065106038, 0.041654575587976084, 0.0590730073922065, 0.057207603833768994, 0.0725899326446349, 0.07891938492743725, 0.08433487121040985, 0.1001424830871668, 0.09330184354078627, 0.10732550102547159], "stds": [0.01550587751703095, 0.030404224521827724, 0.014223513180075526, 0.010469783253455616, 0.014121434158333805, 0.01692025723811755, 0.02262705715496041, 0.036155225081970534, 0.03687332817630147, 0.049363426903557765, 0.06674209320471741]}